Zip Code,Crime Score,Final Mark Score
80212,-31.575,88.485
80204,-41.775,79.38499999999999
80002,-0.0,144.8
80211,-37.199999999999996,127.33000000000001
80401,-1.125,211.665
